{
  "RECORDS": [
    {
      "_id": "5cbd93727b07175300715f96",
      "attitudes": "481",
      "comments": "226",
      "create_time": "2019-04-22 17:12",
      "created_time": "1小时前",
      "id": "4363923258511939",
      "longText": null,
      "name": "游戏君",
      "now_time": "22/4/2019 18:12:02.023",
      "reposts": "444",
      "text": "#B站后台工程源码泄露#开源项目平台Github上疑似出现了Bilibili网站后台工程“源码”，谁干的？"
    },
    {
      "_id": "5cbd93727b07175300715f97",
      "attitudes": "1",
      "comments": "8",
      "create_time": "2019-04-22 17:44",
      "created_time": "28分钟前",
      "id": "4363933080868623",
      "longText": null,
      "name": "数知实验室",
      "now_time": "22/4/2019 18:12:02.149",
      "reposts": "8",
      "text": "#数知生活#bilibili B站的后台工程源码被泄露在了GitHub上，不少用户名密码被硬编码在代码里面，可能被他人使用。目前B站官方还没针对此事作出回应，大家怎么看？"
    },
    {
      "_id": "5cbd93727b07175300715f98",
      "attitudes": "0",
      "comments": "0",
      "create_time": "2019-04-22 18:06",
      "created_time": "6分钟前",
      "id": "4363938772908343",
      "longText": null,
      "name": "知府的孙儿会玩麻将嘛",
      "now_time": "22/4/2019 18:12:02.151",
      "reposts": "0",
      "text": "#B站后台工程源码泄露# 哈哈哈哈哈，没有希望没有 download 的人，保住bilibili吧"
    },
    {
      "_id": "5cbd93727b07175300715f99",
      "attitudes": "29",
      "comments": "39",
      "create_time": "2019-04-22 17:15",
      "created_time": "57分钟前",
      "id": "4363925791313060",
      "longText": null,
      "name": "3DMGAME官方微博",
      "now_time": "22/4/2019 18:12:02.151",
      "reposts": "17",
      "text": "【B站源代码泄露 开源平台Github出现B站后台“源码“】#B站源代码泄露#根据网友爆料，开源项目平台Github上大规模出现B站网站后台工程“源代码”，BiliBili目前暂未回应此事。"
    },
    {
      "_id": "5cbd93727b07175300715f9a",
      "attitudes": "0",
      "comments": "2",
      "create_time": "2019-04-22 18:03",
      "created_time": "9分钟前",
      "id": "4363938009921001",
      "longText": null,
      "name": "骇极安全",
      "now_time": "22/4/2019 18:12:02.151",
      "reposts": "1",
      "text": "#bilibili 源码泄露# 你还发现了什么"
    },
    {
      "_id": "5cbd93727b07175300715f9b",
      "attitudes": "4",
      "comments": "5",
      "create_time": "2019-04-22 18:01",
      "created_time": "11分钟前",
      "id": "4363937572703622",
      "longText": null,
      "name": "Ruaruaruao_",
      "now_time": "22/4/2019 18:12:02.152",
      "reposts": "0",
      "text": "#B站后台工程源码泄露# bilibili你也太皮了吧🙉"
    },
    {
      "_id": "5cbd93727b07175300715f9c",
      "attitudes": "9",
      "comments": "20",
      "create_time": "2019-04-22 17:37",
      "created_time": "35分钟前",
      "id": "4363931453744353",
      "longText": null,
      "name": "WHYLAB",
      "now_time": "22/4/2019 18:12:02.152",
      "reposts": "5",
      "text": "【#B站后台工程源代码泄露# 你的用户名和密码可能已经泄漏了】刚刚，B 站整个网站后台工程源码在 GitHub 上遭到泄露。不过目前 GitHub 已将这一代码库关闭，保险起见赶紧去修改一下你的 bilibili 密码吧。"
    },
    {
      "_id": "5cbd93727b07175300715f9d",
      "attitudes": "4",
      "comments": "2",
      "create_time": "2019-04-22 17:58",
      "created_time": "14分钟前",
      "id": "4363936683588955",
      "longText": null,
      "name": "兔叽限定胡萝卜",
      "now_time": "22/4/2019 18:12:02.153",
      "reposts": "0",
      "text": "#B站后台工程源码泄露#ikunikun网站即将替代bilibili上线"
    },
    {
      "_id": "5cbd93727b07175300715f9e",
      "attitudes": "2",
      "comments": "4",
      "create_time": "2019-04-22 17:55",
      "created_time": "17分钟前",
      "id": "4363935840600143",
      "longText": null,
      "name": "指南仙人掌",
      "now_time": "22/4/2019 18:12:02.153",
      "reposts": "0",
      "text": "#B站后台工程源码泄露#bilibili隐私不大，也就是浏览视频记录和你买了那些黏土小人而已，要是美团后台源代码被公布出来就完蛋了。"
    },
    {
      "_id": "5cbd93727b07175300715f9f",
      "attitudes": "4",
      "comments": "0",
      "create_time": "2019-04-22 17:52",
      "created_time": "20分钟前",
      "id": "4363935199745147",
      "longText": null,
      "name": "i星宇宙",
      "now_time": "22/4/2019 18:12:02.154",
      "reposts": "0",
      "text": "#B站后台工程源码泄露#现在网络都这么安全的，说泄露就泄露。幸亏我从来没有装过bilibili，更没有在b站过看过视频，也没有看过鸡太美。这个工程源码泄露暂时跟我没关系，看以后吧"
    },
    {
      "_id": "5cbd93757b07175300715fa0",
      "attitudes": "0",
      "comments": "0",
      "create_time": "2019-04-22 17:47",
      "created_time": "25分钟前",
      "id": "4363933965489159",
      "longText": null,
      "name": "我也是你的日抛网友",
      "now_time": "22/4/2019 18:12:05.584",
      "reposts": "0",
      "text": "B站泄露在github论坛上的源码现在已删除\n\n同时泄露源码中一堆以.@bilibili.com的SMTP（企业邮箱）账号密码是无效的。不过建议B站用户改一下密码。\n\n那么问题来了，泄露源码到github的是坤坤的粉丝，给b站的一个小小警告吗？\n\n另外b站这代码写的excited啊🤓"
    },
    {
      "_id": "5cbd93757b07175300715fa1",
      "attitudes": "1",
      "comments": "8",
      "create_time": "2019-04-22 17:43",
      "created_time": "29分钟前",
      "id": "4363933080868623",
      "longText": null,
      "name": "数知实验室",
      "now_time": "22/4/2019 18:12:05.585",
      "reposts": "8",
      "text": "#数知生活#bilibili B站的后台工程源码被泄露在了GitHub上，不少用户名密码被硬编码在代码里面，可能被他人使用。目前B站官方还没针对此事作出回应，大家怎么看？"
    },
    {
      "_id": "5cbd93757b07175300715fa2",
      "attitudes": "2",
      "comments": "66",
      "create_time": "2019-04-22 17:31",
      "created_time": "41分钟前",
      "id": "4363929934848363",
      "longText": null,
      "name": "游戏趣闻速报",
      "now_time": "22/4/2019 18:12:05.586",
      "reposts": "0",
      "text": "？？？？！"
    },
    {
      "_id": "5cbd93757b07175300715fa3",
      "attitudes": "0",
      "comments": "5",
      "create_time": "2019-04-22 17:31",
      "created_time": "41分钟前",
      "id": "4363929821793983",
      "longText": null,
      "name": "黄山空气",
      "now_time": "22/4/2019 18:12:05.587",
      "reposts": "0",
      "text": "#哔哩哔哩# #bilibili# 疑似被黑，后台系统源码泄露 网友调侃 #蔡徐坤# ikunbili即将上线"
    },
    {
      "_id": "5cbd93757b07175300715fa4",
      "attitudes": "1",
      "comments": "0",
      "create_time": "2019-04-22 17:27",
      "created_time": "45分钟前",
      "id": "4363929008406572",
      "longText": null,
      "name": "血爪1114",
      "now_time": "22/4/2019 18:12:05.587",
      "reposts": "0",
      "text": "狗屁密码泄露，服务器是你说进就进的？也就只能从注释里找找彩蛋了比如sprintf(\"i love bilibili\")#B站后台工程源码泄露#"
    },
    {
      "_id": "5cbd93757b07175300715fa5",
      "attitudes": "1",
      "comments": "1",
      "create_time": "2019-04-22 17:23",
      "created_time": "49分钟前",
      "id": "4363927959588926",
      "longText": null,
      "name": "拉芙塔里亚",
      "now_time": "22/4/2019 18:12:05.588",
      "reposts": "0",
      "text": "#bilibili源码泄露#这件事里面，@互联网的那点事 已经是关键传播节点了吧？还发链接引导网友前去查看，变相助长代码扩散，你这么做真的道德吗"
    },
    {
      "_id": "5cbd93757b07175300715fa6",
      "attitudes": "0",
      "comments": "0",
      "create_time": "2019-04-22 17:13",
      "created_time": "59分钟前",
      "id": "4363925497664255",
      "longText": null,
      "name": "creppy-",
      "now_time": "22/4/2019 18:12:05.589",
      "reposts": "0",
      "text": "#bilibili 源码泄露#几分钟多了2000＋star"
    },
    {
      "_id": "5cbd93757b07175300715fa7",
      "attitudes": "1",
      "comments": "1",
      "create_time": "2019-04-22 17:12",
      "created_time": "1小时前",
      "id": "4363923526118161",
      "longText": null,
      "name": "梁同桌",
      "now_time": "22/4/2019 18:12:05.59",
      "reposts": "0",
      "text": "bilibili 网站后台 go 源码：网页链接，貌似源码泄露了\n@哔哩哔哩智能姬"
    },
    {
      "_id": "5cbd93787b07175300715fa8",
      "attitudes": "481",
      "comments": "226",
      "create_time": "2019-04-22 17:12",
      "created_time": "1小时前",
      "id": "4363923258511939",
      "longText": null,
      "name": "游戏君",
      "now_time": "22/4/2019 18:12:08.837",
      "reposts": "444",
      "text": "#B站后台工程源码泄露#开源项目平台Github上疑似出现了Bilibili网站后台工程“源码”，谁干的？"
    },
    {
      "_id": "5cbd93787b07175300715fa9",
      "attitudes": "1",
      "comments": "3",
      "create_time": "2019-04-22 17:12",
      "created_time": "1小时前",
      "id": "4363922322346880",
      "longText": null,
      "name": "FaRunnn_",
      "now_time": "22/4/2019 18:12:08.837",
      "reposts": "0",
      "text": "#bilibili 源码泄露# 已fork，已clone"
    },
    {
      "_id": "5cbd93787b07175300715faa",
      "attitudes": "0",
      "comments": "0",
      "create_time": "2019-04-22 17:12",
      "created_time": "1小时前",
      "id": "4363921659330925",
      "longText": null,
      "name": "人工智障程序猿",
      "now_time": "22/4/2019 18:12:08.837",
      "reposts": "0",
      "text": "#bilibili 源码泄露#🐓你太美"
    },
    {
      "_id": "5cbd93787b07175300715fab",
      "attitudes": "1",
      "comments": "0",
      "create_time": "2019-04-22 17:12",
      "created_time": "1小时前",
      "id": "4363920132756811",
      "longText": null,
      "name": "暴躁的德德",
      "now_time": "22/4/2019 18:12:08.838",
      "reposts": "0",
      "text": "#bilibili 源码泄露#已经4000+的star，近6000的fork了，吃瓜吃瓜"
    },
    {
      "_id": "5cbd93787b07175300715fac",
      "attitudes": "1",
      "comments": "0",
      "create_time": "2019-04-22 17:12",
      "created_time": "1小时前",
      "id": "4363918769722726",
      "longText": null,
      "name": "XiaoBinZaiZi",
      "now_time": "22/4/2019 18:12:08.839",
      "reposts": "0",
      "text": "#bilibili 源码泄露#本日最大？！！@哔哩哔哩弹幕网"
    },
    {
      "_id": "5cbd93787b07175300715fad",
      "attitudes": "1",
      "comments": "4",
      "create_time": "2019-04-22 17:12",
      "created_time": "1小时前",
      "id": "4363916949787873",
      "longText": null,
      "name": "改名是怕TA找到我",
      "now_time": "22/4/2019 18:12:08.839",
      "reposts": "0",
      "text": "#bilibili 源码泄露# 吃瓜，gayhub上一个新号上传了哔哩哔哩网站后台的源码，已经 2000 个 Star 了还没下线，可能是被搞了"
    },
    {
      "_id": "5cbd93787b07175300715fae",
      "attitudes": "1",
      "comments": "0",
      "create_time": "2019-04-22 17:12",
      "created_time": "1小时前",
      "id": "4363916727254774",
      "longText": null,
      "name": "嘎嘣脆糖",
      "now_time": "22/4/2019 18:12:08.84",
      "reposts": "0",
      "text": "bilibili后台源码都泄露了\n太没有职业道德了\n#bilibili源码泄露#"
    },
    {
      "_id": "5cbd93987b07177948ecbd0b",
      "attitudes": "485",
      "comments": "228",
      "create_time": "2019-04-22 17:12",
      "created_time": "1小时前",
      "id": "4363923258511939",
      "longText": null,
      "name": "游戏君",
      "now_time": "22/4/2019 18:12:40.704",
      "reposts": "444",
      "text": "#B站后台工程源码泄露#开源项目平台Github上疑似出现了Bilibili网站后台工程“源码”，谁干的？"
    },
    {
      "_id": "5cbd93987b07177948ecbd0c",
      "attitudes": "1",
      "comments": "8",
      "create_time": "2019-04-22 17:43",
      "created_time": "29分钟前",
      "id": "4363933080868623",
      "longText": null,
      "name": "数知实验室",
      "now_time": "22/4/2019 18:12:40.717",
      "reposts": "8",
      "text": "#数知生活#bilibili B站的后台工程源码被泄露在了GitHub上，不少用户名密码被硬编码在代码里面，可能被他人使用。目前B站官方还没针对此事作出回应，大家怎么看？"
    },
    {
      "_id": "5cbd93987b07177948ecbd0d",
      "attitudes": "1",
      "comments": "0",
      "create_time": "2019-04-22 18:06",
      "created_time": "6分钟前",
      "id": "4363938772908343",
      "longText": null,
      "name": "知府的孙儿会玩麻将嘛",
      "now_time": "22/4/2019 18:12:40.722",
      "reposts": "0",
      "text": "#B站后台工程源码泄露# 哈哈哈哈哈，没有希望没有 download 的人，保住bilibili吧"
    },
    {
      "_id": "5cbd93987b07177948ecbd0e",
      "attitudes": "30",
      "comments": "41",
      "create_time": "2019-04-22 17:14",
      "created_time": "58分钟前",
      "id": "4363925791313060",
      "longText": null,
      "name": "3DMGAME官方微博",
      "now_time": "22/4/2019 18:12:40.724",
      "reposts": "17",
      "text": "【B站源代码泄露 开源平台Github出现B站后台“源码“】#B站源代码泄露#根据网友爆料，开源项目平台Github上大规模出现B站网站后台工程“源代码”，BiliBili目前暂未回应此事。"
    },
    {
      "_id": "5cbd93987b07177948ecbd0f",
      "attitudes": "0",
      "comments": "2",
      "create_time": "2019-04-22 18:02",
      "created_time": "10分钟前",
      "id": "4363938009921001",
      "longText": null,
      "name": "骇极安全",
      "now_time": "22/4/2019 18:12:40.725",
      "reposts": "1",
      "text": "#bilibili 源码泄露# 你还发现了什么"
    },
    {
      "_id": "5cbd93987b07177948ecbd10",
      "attitudes": "4",
      "comments": "5",
      "create_time": "2019-04-22 18:01",
      "created_time": "11分钟前",
      "id": "4363937572703622",
      "longText": null,
      "name": "Ruaruaruao_",
      "now_time": "22/4/2019 18:12:40.726",
      "reposts": "0",
      "text": "#B站后台工程源码泄露# bilibili你也太皮了吧🙉"
    },
    {
      "_id": "5cbd93987b07177948ecbd11",
      "attitudes": "9",
      "comments": "20",
      "create_time": "2019-04-22 17:36",
      "created_time": "36分钟前",
      "id": "4363931453744353",
      "longText": null,
      "name": "WHYLAB",
      "now_time": "22/4/2019 18:12:40.727",
      "reposts": "5",
      "text": "【#B站后台工程源代码泄露# 你的用户名和密码可能已经泄漏了】刚刚，B 站整个网站后台工程源码在 GitHub 上遭到泄露。不过目前 GitHub 已将这一代码库关闭，保险起见赶紧去修改一下你的 bilibili 密码吧。"
    },
    {
      "_id": "5cbd93987b07177948ecbd12",
      "attitudes": "4",
      "comments": "2",
      "create_time": "2019-04-22 17:57",
      "created_time": "15分钟前",
      "id": "4363936683588955",
      "longText": null,
      "name": "兔叽限定胡萝卜",
      "now_time": "22/4/2019 18:12:40.728",
      "reposts": "0",
      "text": "#B站后台工程源码泄露#ikunikun网站即将替代bilibili上线"
    },
    {
      "_id": "5cbd93987b07177948ecbd13",
      "attitudes": "2",
      "comments": "4",
      "create_time": "2019-04-22 17:54",
      "created_time": "18分钟前",
      "id": "4363935840600143",
      "longText": null,
      "name": "指南仙人掌",
      "now_time": "22/4/2019 18:12:40.73",
      "reposts": "0",
      "text": "#B站后台工程源码泄露#bilibili隐私不大，也就是浏览视频记录和你买了那些黏土小人而已，要是美团后台源代码被公布出来就完蛋了。"
    },
    {
      "_id": "5cbd93987b07177948ecbd14",
      "attitudes": "4",
      "comments": "0",
      "create_time": "2019-04-22 17:51",
      "created_time": "21分钟前",
      "id": "4363935199745147",
      "longText": null,
      "name": "i星宇宙",
      "now_time": "22/4/2019 18:12:40.731",
      "reposts": "0",
      "text": "#B站后台工程源码泄露#现在网络都这么安全的，说泄露就泄露。幸亏我从来没有装过bilibili，更没有在b站过看过视频，也没有看过鸡太美。这个工程源码泄露暂时跟我没关系，看以后吧"
    },
    {
      "_id": "5cbd93a87b07177948ecbd15",
      "attitudes": "4",
      "comments": "0",
      "create_time": "2019-04-22 17:51",
      "created_time": "21分钟前",
      "id": "4363935199745147",
      "longText": null,
      "name": "i星宇宙",
      "now_time": "22/4/2019 18:12:56.04",
      "reposts": "0",
      "text": "#B站后台工程源码泄露#现在网络都这么安全的，说泄露就泄露。幸亏我从来没有装过bilibili，更没有在b站过看过视频，也没有看过鸡太美。这个工程源码泄露暂时跟我没关系，看以后吧"
    },
    {
      "_id": "5cbd93a87b07177948ecbd16",
      "attitudes": "0",
      "comments": "0",
      "create_time": "2019-04-22 17:46",
      "created_time": "26分钟前",
      "id": "4363933965489159",
      "longText": null,
      "name": "我也是你的日抛网友",
      "now_time": "22/4/2019 18:12:56.042",
      "reposts": "0",
      "text": "B站泄露在github论坛上的源码现在已删除\n\n同时泄露源码中一堆以.@bilibili.com的SMTP（企业邮箱）账号密码是无效的。不过建议B站用户改一下密码。\n\n那么问题来了，泄露源码到github的是坤坤的粉丝，给b站的一个小小警告吗？\n\n另外b站这代码写的excited啊🤓"
    },
    {
      "_id": "5cbd93a87b07177948ecbd17",
      "attitudes": "2",
      "comments": "66",
      "create_time": "2019-04-22 17:30",
      "created_time": "42分钟前",
      "id": "4363929934848363",
      "longText": null,
      "name": "游戏趣闻速报",
      "now_time": "22/4/2019 18:12:56.043",
      "reposts": "0",
      "text": "？？？？！"
    },
    {
      "_id": "5cbd93a87b07177948ecbd18",
      "attitudes": "0",
      "comments": "5",
      "create_time": "2019-04-22 17:30",
      "created_time": "42分钟前",
      "id": "4363929821793983",
      "longText": null,
      "name": "黄山空气",
      "now_time": "22/4/2019 18:12:56.044",
      "reposts": "0",
      "text": "#哔哩哔哩# #bilibili# 疑似被黑，后台系统源码泄露 网友调侃 #蔡徐坤# ikunbili即将上线"
    },
    {
      "_id": "5cbd93a87b07177948ecbd19",
      "attitudes": "1",
      "comments": "0",
      "create_time": "2019-04-22 17:26",
      "created_time": "46分钟前",
      "id": "4363929008406572",
      "longText": null,
      "name": "血爪1114",
      "now_time": "22/4/2019 18:12:56.046",
      "reposts": "0",
      "text": "狗屁密码泄露，服务器是你说进就进的？也就只能从注释里找找彩蛋了比如sprintf(\"i love bilibili\")#B站后台工程源码泄露#"
    },
    {
      "_id": "5cbd93a87b07177948ecbd1a",
      "attitudes": "1",
      "comments": "1",
      "create_time": "2019-04-22 17:22",
      "created_time": "50分钟前",
      "id": "4363927959588926",
      "longText": null,
      "name": "拉芙塔里亚",
      "now_time": "22/4/2019 18:12:56.047",
      "reposts": "0",
      "text": "#bilibili源码泄露#这件事里面，@互联网的那点事 已经是关键传播节点了吧？还发链接引导网友前去查看，变相助长代码扩散，你这么做真的道德吗"
    },
    {
      "_id": "5cbd93a87b07177948ecbd1b",
      "attitudes": "0",
      "comments": "0",
      "create_time": "2019-04-22 17:12",
      "created_time": "1小时前",
      "id": "4363925497664255",
      "longText": null,
      "name": "creppy-",
      "now_time": "22/4/2019 18:12:56.048",
      "reposts": "0",
      "text": "#bilibili 源码泄露#几分钟多了2000＋star"
    },
    {
      "_id": "5cbd93a87b07177948ecbd1c",
      "attitudes": "1",
      "comments": "1",
      "create_time": "2019-04-22 17:12",
      "created_time": "1小时前",
      "id": "4363923526118161",
      "longText": null,
      "name": "梁同桌",
      "now_time": "22/4/2019 18:12:56.049",
      "reposts": "0",
      "text": "bilibili 网站后台 go 源码：网页链接，貌似源码泄露了\n@哔哩哔哩智能姬"
    },
    {
      "_id": "5cbd93b77b07177948ecbd1d",
      "attitudes": "489",
      "comments": "229",
      "create_time": "2019-04-22 17:13",
      "created_time": "1小时前",
      "id": "4363923258511939",
      "longText": null,
      "name": "游戏君",
      "now_time": "22/4/2019 18:13:11.289",
      "reposts": "445",
      "text": "#B站后台工程源码泄露#开源项目平台Github上疑似出现了Bilibili网站后台工程“源码”，谁干的？"
    },
    {
      "_id": "5cbd93b77b07177948ecbd1e",
      "attitudes": "1",
      "comments": "3",
      "create_time": "2019-04-22 17:13",
      "created_time": "1小时前",
      "id": "4363922322346880",
      "longText": null,
      "name": "FaRunnn_",
      "now_time": "22/4/2019 18:13:11.29",
      "reposts": "0",
      "text": "#bilibili 源码泄露# 已fork，已clone"
    },
    {
      "_id": "5cbd93b77b07177948ecbd1f",
      "attitudes": "0",
      "comments": "0",
      "create_time": "2019-04-22 17:13",
      "created_time": "1小时前",
      "id": "4363921659330925",
      "longText": null,
      "name": "人工智障程序猿",
      "now_time": "22/4/2019 18:13:11.291",
      "reposts": "0",
      "text": "#bilibili 源码泄露#🐓你太美"
    },
    {
      "_id": "5cbd93b77b07177948ecbd20",
      "attitudes": "1",
      "comments": "0",
      "create_time": "2019-04-22 17:13",
      "created_time": "1小时前",
      "id": "4363920132756811",
      "longText": null,
      "name": "暴躁的德德",
      "now_time": "22/4/2019 18:13:11.291",
      "reposts": "0",
      "text": "#bilibili 源码泄露#已经4000+的star，近6000的fork了，吃瓜吃瓜"
    },
    {
      "_id": "5cbd93b77b07177948ecbd21",
      "attitudes": "1",
      "comments": "0",
      "create_time": "2019-04-22 17:13",
      "created_time": "1小时前",
      "id": "4363918769722726",
      "longText": null,
      "name": "XiaoBinZaiZi",
      "now_time": "22/4/2019 18:13:11.292",
      "reposts": "0",
      "text": "#bilibili 源码泄露#本日最大？！！@哔哩哔哩弹幕网"
    },
    {
      "_id": "5cbd93b77b07177948ecbd22",
      "attitudes": "1",
      "comments": "4",
      "create_time": "2019-04-22 17:13",
      "created_time": "1小时前",
      "id": "4363916949787873",
      "longText": null,
      "name": "改名是怕TA找到我",
      "now_time": "22/4/2019 18:13:11.292",
      "reposts": "0",
      "text": "#bilibili 源码泄露# 吃瓜，gayhub上一个新号上传了哔哩哔哩网站后台的源码，已经 2000 个 Star 了还没下线，可能是被搞了"
    },
    {
      "_id": "5cbd93b77b07177948ecbd23",
      "attitudes": "1",
      "comments": "0",
      "create_time": "2019-04-22 17:13",
      "created_time": "1小时前",
      "id": "4363916727254774",
      "longText": null,
      "name": "嘎嘣脆糖",
      "now_time": "22/4/2019 18:13:11.293",
      "reposts": "0",
      "text": "bilibili后台源码都泄露了\n太没有职业道德了\n#bilibili源码泄露#"
    },
    {
      "_id": "5cbd959e7b071747f0b00abf",
      "attitudes": "510",
      "comments": "248",
      "create_time": "2019-04-22 17:21",
      "created_time": "1小时前",
      "id": "4363923258511939",
      "longText": null,
      "name": "游戏君",
      "now_time": "22/4/2019 18:21:18.718",
      "reposts": "454",
      "text": "#B站后台工程源码泄露#开源项目平台Github上疑似出现了Bilibili网站后台工程“源码”，谁干的？"
    },
    {
      "_id": "5cbd959e7b071747f0b00ac0",
      "attitudes": "1",
      "comments": "11",
      "create_time": "2019-04-22 17:43",
      "created_time": "38分钟前",
      "id": "4363933080868623",
      "longText": null,
      "name": "数知实验室",
      "now_time": "22/4/2019 18:21:18.726",
      "reposts": "9",
      "text": "#数知生活#bilibili B站的后台工程源码被泄露在了GitHub上，不少用户名密码被硬编码在代码里面，可能被他人使用。目前B站官方还没针对此事作出回应，大家怎么看？"
    },
    {
      "_id": "5cbd959e7b071747f0b00ac1",
      "attitudes": "0",
      "comments": "0",
      "create_time": "2019-04-22 18:13",
      "created_time": "8分钟前",
      "id": "4363940551614922",
      "longText": "#互联网资讯# \n【#B站源代码泄露# B站整个网站后台工程源码泄露 】网曝B站整个网站后台工程源码泄露，这是国内规模较大的互联网企业中首例整个网站后台工程源码泄露。此外网曝不少用户名密码被硬编码在代码里面，谁都可以用，不过也有网友表示这些只是测试账号。目前官方还没针对此事作出回应。@哔哩哔哩弹幕网 ​#b站##bilibili#",
      "name": "传媒招聘在线",
      "now_time": "22/4/2019 18:21:18.737",
      "reposts": "0",
      "text": "#互联网资讯#\n【#B站源代码泄露# B站整个网站后台工程源码泄露 】网曝B站整个网站后台工程源码泄露，这是国内规模较大的互联网企业中首例整个网站后台工程源码泄露。此外网曝不少用户名密码被硬编码在代码里面，谁都可以用，不过也有网友表示这些只是测试账号。目前官方还没针对此事作出回应。 ...全文"
    },
    {
      "_id": "5cbd959e7b071747f0b00ac2",
      "attitudes": "1",
      "comments": "0",
      "create_time": "2019-04-22 18:06",
      "created_time": "15分钟前",
      "id": "4363938772908343",
      "longText": null,
      "name": "知府的孙儿会玩麻将嘛",
      "now_time": "22/4/2019 18:21:18.738",
      "reposts": "0",
      "text": "#B站后台工程源码泄露# 哈哈哈哈哈，没有希望没有 download 的人，保住bilibili吧"
    },
    {
      "_id": "5cbd959e7b071747f0b00ac3",
      "attitudes": "32",
      "comments": "42",
      "create_time": "2019-04-22 17:21",
      "created_time": "1小时前",
      "id": "4363925791313060",
      "longText": null,
      "name": "3DMGAME官方微博",
      "now_time": "22/4/2019 18:21:18.739",
      "reposts": "18",
      "text": "【B站源代码泄露 开源平台Github出现B站后台“源码“】#B站源代码泄露#根据网友爆料，开源项目平台Github上大规模出现B站网站后台工程“源代码”，BiliBili目前暂未回应此事。"
    },
    {
      "_id": "5cbd959e7b071747f0b00ac4",
      "attitudes": "0",
      "comments": "2",
      "create_time": "2019-04-22 18:03",
      "created_time": "18分钟前",
      "id": "4363938009921001",
      "longText": null,
      "name": "骇极安全",
      "now_time": "22/4/2019 18:21:18.74",
      "reposts": "2",
      "text": "#bilibili 源码泄露# 你还发现了什么"
    },
    {
      "_id": "5cbd959e7b071747f0b00ac5",
      "attitudes": "4",
      "comments": "5",
      "create_time": "2019-04-22 18:01",
      "created_time": "20分钟前",
      "id": "4363937572703622",
      "longText": null,
      "name": "Ruaruaruao_",
      "now_time": "22/4/2019 18:21:18.742",
      "reposts": "0",
      "text": "#B站后台工程源码泄露# bilibili你也太皮了吧🙉"
    },
    {
      "_id": "5cbd959e7b071747f0b00ac6",
      "attitudes": "9",
      "comments": "22",
      "create_time": "2019-04-22 17:37",
      "created_time": "44分钟前",
      "id": "4363931453744353",
      "longText": null,
      "name": "WHYLAB",
      "now_time": "22/4/2019 18:21:18.744",
      "reposts": "5",
      "text": "【#B站后台工程源代码泄露# 你的用户名和密码可能已经泄漏了】刚刚，B 站整个网站后台工程源码在 GitHub 上遭到泄露。不过目前 GitHub 已将这一代码库关闭，保险起见赶紧去修改一下你的 bilibili 密码吧。"
    },
    {
      "_id": "5cbd959e7b071747f0b00ac7",
      "attitudes": "5",
      "comments": "3",
      "create_time": "2019-04-22 17:58",
      "created_time": "23分钟前",
      "id": "4363936683588955",
      "longText": null,
      "name": "兔叽限定胡萝卜",
      "now_time": "22/4/2019 18:21:18.747",
      "reposts": "0",
      "text": "#B站后台工程源码泄露#ikunikun网站即将替代bilibili上线"
    },
    {
      "_id": "5cbd959e7b071747f0b00ac8",
      "attitudes": "2",
      "comments": "4",
      "create_time": "2019-04-22 17:54",
      "created_time": "27分钟前",
      "id": "4363935840600143",
      "longText": null,
      "name": "指南仙人掌",
      "now_time": "22/4/2019 18:21:18.748",
      "reposts": "0",
      "text": "#B站后台工程源码泄露#bilibili隐私不大，也就是浏览视频记录和你买了那些黏土小人而已，要是美团后台源代码被公布出来就完蛋了。"
    },
    {
      "_id": "5cbd95ae7b071747f0b00ac9",
      "attitudes": "4",
      "comments": "0",
      "create_time": "2019-04-22 17:51",
      "created_time": "30分钟前",
      "id": "4363935199745147",
      "longText": null,
      "name": "i星宇宙",
      "now_time": "22/4/2019 18:21:34.001",
      "reposts": "0",
      "text": "#B站后台工程源码泄露#现在网络都这么安全的，说泄露就泄露。幸亏我从来没有装过bilibili，更没有在b站过看过视频，也没有看过鸡太美。这个工程源码泄露暂时跟我没关系，看以后吧"
    },
    {
      "_id": "5cbd95ae7b071747f0b00aca",
      "attitudes": "0",
      "comments": "0",
      "create_time": "2019-04-22 17:47",
      "created_time": "34分钟前",
      "id": "4363933965489159",
      "longText": null,
      "name": "我也是你的日抛网友",
      "now_time": "22/4/2019 18:21:34.003",
      "reposts": "0",
      "text": "B站泄露在github论坛上的源码现在已删除\n\n同时泄露源码中一堆以.@bilibili.com的SMTP（企业邮箱）账号密码是无效的。不过建议B站用户改一下密码。\n\n那么问题来了，泄露源码到github的是坤坤的粉丝，给b站的一个小小警告吗？\n\n另外b站这代码写的excited啊🤓"
    },
    {
      "_id": "5cbd95ae7b071747f0b00acb",
      "attitudes": "2",
      "comments": "66",
      "create_time": "2019-04-22 17:31",
      "created_time": "50分钟前",
      "id": "4363929934848363",
      "longText": null,
      "name": "游戏趣闻速报",
      "now_time": "22/4/2019 18:21:34.004",
      "reposts": "0",
      "text": "？？？？！"
    },
    {
      "_id": "5cbd95ae7b071747f0b00acc",
      "attitudes": "0",
      "comments": "5",
      "create_time": "2019-04-22 17:30",
      "created_time": "51分钟前",
      "id": "4363929821793983",
      "longText": null,
      "name": "黄山空气",
      "now_time": "22/4/2019 18:21:34.005",
      "reposts": "0",
      "text": "#哔哩哔哩# #bilibili# 疑似被黑，后台系统源码泄露 网友调侃 #蔡徐坤# ikunbili即将上线"
    },
    {
      "_id": "5cbd95ae7b071747f0b00acd",
      "attitudes": "1",
      "comments": "0",
      "create_time": "2019-04-22 17:27",
      "created_time": "54分钟前",
      "id": "4363929008406572",
      "longText": null,
      "name": "血爪1114",
      "now_time": "22/4/2019 18:21:34.006",
      "reposts": "0",
      "text": "狗屁密码泄露，服务器是你说进就进的？也就只能从注释里找找彩蛋了比如sprintf(\"i love bilibili\")#B站后台工程源码泄露#"
    },
    {
      "_id": "5cbd95ae7b071747f0b00ace",
      "attitudes": "1",
      "comments": "1",
      "create_time": "2019-04-22 17:23",
      "created_time": "58分钟前",
      "id": "4363927959588926",
      "longText": null,
      "name": "拉芙塔里亚",
      "now_time": "22/4/2019 18:21:34.007",
      "reposts": "0",
      "text": "#bilibili源码泄露#这件事里面，@互联网的那点事 已经是关键传播节点了吧？还发链接引导网友前去查看，变相助长代码扩散，你这么做真的道德吗"
    },
    {
      "_id": "5cbd95ae7b071747f0b00acf",
      "attitudes": "0",
      "comments": "0",
      "create_time": "2019-04-22 17:21",
      "created_time": "1小时前",
      "id": "4363925497664255",
      "longText": null,
      "name": "creppy-",
      "now_time": "22/4/2019 18:21:34.009",
      "reposts": "0",
      "text": "#bilibili 源码泄露#几分钟多了2000＋star"
    },
    {
      "_id": "5cbd95ae7b071747f0b00ad0",
      "attitudes": "1",
      "comments": "1",
      "create_time": "2019-04-22 17:21",
      "created_time": "1小时前",
      "id": "4363923526118161",
      "longText": null,
      "name": "梁同桌",
      "now_time": "22/4/2019 18:21:34.01",
      "reposts": "0",
      "text": "bilibili 网站后台 go 源码：网页链接，貌似源码泄露了\n@哔哩哔哩智能姬"
    },
    {
      "_id": "5cbd95bd7b071747f0b00ad1",
      "attitudes": "516",
      "comments": "254",
      "create_time": "2019-04-22 17:21",
      "created_time": "1小时前",
      "id": "4363923258511939",
      "longText": null,
      "name": "游戏君",
      "now_time": "22/4/2019 18:21:49.278",
      "reposts": "454",
      "text": "#B站后台工程源码泄露#开源项目平台Github上疑似出现了Bilibili网站后台工程“源码”，谁干的？"
    },
    {
      "_id": "5cbd95bd7b071747f0b00ad2",
      "attitudes": "1",
      "comments": "3",
      "create_time": "2019-04-22 17:21",
      "created_time": "1小时前",
      "id": "4363922322346880",
      "longText": null,
      "name": "FaRunnn_",
      "now_time": "22/4/2019 18:21:49.279",
      "reposts": "0",
      "text": "#bilibili 源码泄露# 已fork，已clone"
    },
    {
      "_id": "5cbd95bd7b071747f0b00ad3",
      "attitudes": "0",
      "comments": "0",
      "create_time": "2019-04-22 17:21",
      "created_time": "1小时前",
      "id": "4363921659330925",
      "longText": null,
      "name": "人工智障程序猿",
      "now_time": "22/4/2019 18:21:49.28",
      "reposts": "0",
      "text": "#bilibili 源码泄露#🐓你太美"
    },
    {
      "_id": "5cbd95bd7b071747f0b00ad4",
      "attitudes": "1",
      "comments": "0",
      "create_time": "2019-04-22 17:21",
      "created_time": "1小时前",
      "id": "4363920132756811",
      "longText": null,
      "name": "暴躁的德德",
      "now_time": "22/4/2019 18:21:49.281",
      "reposts": "0",
      "text": "#bilibili 源码泄露#已经4000+的star，近6000的fork了，吃瓜吃瓜"
    },
    {
      "_id": "5cbd95bd7b071747f0b00ad5",
      "attitudes": "1",
      "comments": "0",
      "create_time": "2019-04-22 17:21",
      "created_time": "1小时前",
      "id": "4363918769722726",
      "longText": null,
      "name": "XiaoBinZaiZi",
      "now_time": "22/4/2019 18:21:49.281",
      "reposts": "0",
      "text": "#bilibili 源码泄露#本日最大？！！@哔哩哔哩弹幕网"
    },
    {
      "_id": "5cbd95bd7b071747f0b00ad6",
      "attitudes": "1",
      "comments": "4",
      "create_time": "2019-04-22 17:21",
      "created_time": "1小时前",
      "id": "4363916949787873",
      "longText": null,
      "name": "改名是怕TA找到我",
      "now_time": "22/4/2019 18:21:49.282",
      "reposts": "0",
      "text": "#bilibili 源码泄露# 吃瓜，gayhub上一个新号上传了哔哩哔哩网站后台的源码，已经 2000 个 Star 了还没下线，可能是被搞了"
    },
    {
      "_id": "5cbd95bd7b071747f0b00ad7",
      "attitudes": "1",
      "comments": "0",
      "create_time": "2019-04-22 17:21",
      "created_time": "1小时前",
      "id": "4363916727254774",
      "longText": null,
      "name": "嘎嘣脆糖",
      "now_time": "22/4/2019 18:21:49.282",
      "reposts": "0",
      "text": "bilibili后台源码都泄露了\n太没有职业道德了\n#bilibili源码泄露#"
    },
    {
      "_id": "5cbd9f0c7b071747f0b00ad9",
      "attitudes": "1",
      "comments": "5",
      "create_time": "2019-04-22 18:31",
      "created_time": "30分钟前",
      "id": "4363945127705956",
      "longText": null,
      "name": "ZAKER",
      "now_time": "22/4/2019 19:01:32.492",
      "reposts": "3",
      "text": "【bilibili网站后台工程源码疑似泄露 部分用户名密码在内】 今天下午，bilibili网站后台工程源码疑似出现泄露，项目负责人信息一并流出，部分用户名密码也被一同公开。 bilibili网站后台工程源码疑似泄露 部分用户名密码在内"
    },
    {
      "_id": "5cbd9f0c7b071747f0b00ada",
      "attitudes": "1",
      "comments": "2",
      "create_time": "2019-04-22 18:03",
      "created_time": "58分钟前",
      "id": "4363938009921001",
      "longText": null,
      "name": "骇极安全",
      "now_time": "22/4/2019 19:01:32.5",
      "reposts": "2",
      "text": "#bilibili 源码泄露# 你还发现了什么"
    },
    {
      "_id": "5cbd9f1b7b071747f0b00adb",
      "attitudes": "0",
      "comments": "6",
      "create_time": "2019-04-22 18:01",
      "created_time": "1小时前",
      "id": "4363929821793983",
      "longText": null,
      "name": "黄山空气",
      "now_time": "22/4/2019 19:01:47.712",
      "reposts": "0",
      "text": "#哔哩哔哩# #bilibili# 疑似被黑，后台系统源码泄露 网友调侃 #蔡徐坤# ikunbili即将上线"
    },
    {
      "_id": "5cbd9f1b7b071747f0b00adc",
      "attitudes": "1",
      "comments": "2",
      "create_time": "2019-04-22 18:01",
      "created_time": "1小时前",
      "id": "4363927959588926",
      "longText": null,
      "name": "拉芙塔里亚",
      "now_time": "22/4/2019 19:01:47.713",
      "reposts": "2",
      "text": "#bilibili源码泄露#这件事里面，@互联网的那点事 已经是关键传播节点了吧？还发链接引导网友前去查看，变相助长代码扩散，你这么做真的道德吗"
    },
    {
      "_id": "5cbd9f1b7b071747f0b00add",
      "attitudes": "0",
      "comments": "0",
      "create_time": "2019-04-22 18:01",
      "created_time": "1小时前",
      "id": "4363925497664255",
      "longText": null,
      "name": "creppy-",
      "now_time": "22/4/2019 19:01:47.714",
      "reposts": "0",
      "text": "#bilibili 源码泄露#几分钟多了2000＋star"
    },
    {
      "_id": "5cbd9f2a7b071747f0b00ade",
      "attitudes": "1",
      "comments": "1",
      "create_time": "2019-04-22 18:02",
      "created_time": "1小时前",
      "id": "4363923526118161",
      "longText": null,
      "name": "梁同桌",
      "now_time": "22/4/2019 19:02:02.923",
      "reposts": "0",
      "text": "bilibili 网站后台 go 源码：网页链接，貌似源码泄露了\n@哔哩哔哩智能姬"
    },
    {
      "_id": "5cbd9f2a7b071747f0b00adf",
      "attitudes": "2",
      "comments": "5",
      "create_time": "2019-04-22 17:02",
      "created_time": "2小时前",
      "id": "4363922322346880",
      "longText": null,
      "name": "FaRunnn_",
      "now_time": "22/4/2019 19:02:02.924",
      "reposts": "0",
      "text": "#bilibili 源码泄露# 已fork，已clone"
    },
    {
      "_id": "5cbd9f2a7b071747f0b00ae0",
      "attitudes": "0",
      "comments": "0",
      "create_time": "2019-04-22 17:02",
      "created_time": "2小时前",
      "id": "4363921659330925",
      "longText": null,
      "name": "人工智障程序猿",
      "now_time": "22/4/2019 19:02:02.925",
      "reposts": "0",
      "text": "#bilibili 源码泄露#🐓你太美"
    },
    {
      "_id": "5cbd9f2a7b071747f0b00ae1",
      "attitudes": "1",
      "comments": "0",
      "create_time": "2019-04-22 17:02",
      "created_time": "2小时前",
      "id": "4363920132756811",
      "longText": null,
      "name": "暴躁的德德",
      "now_time": "22/4/2019 19:02:02.925",
      "reposts": "0",
      "text": "#bilibili 源码泄露#已经4000+的star，近6000的fork了，吃瓜吃瓜"
    },
    {
      "_id": "5cbd9f2a7b071747f0b00ae2",
      "attitudes": "1",
      "comments": "0",
      "create_time": "2019-04-22 17:02",
      "created_time": "2小时前",
      "id": "4363918769722726",
      "longText": null,
      "name": "XiaoBinZaiZi",
      "now_time": "22/4/2019 19:02:02.926",
      "reposts": "0",
      "text": "#bilibili 源码泄露#本日最大？！！@哔哩哔哩弹幕网"
    },
    {
      "_id": "5cbd9f2a7b071747f0b00ae3",
      "attitudes": "2",
      "comments": "4",
      "create_time": "2019-04-22 17:02",
      "created_time": "2小时前",
      "id": "4363916949787873",
      "longText": null,
      "name": "改名是怕TA找到我",
      "now_time": "22/4/2019 19:02:02.926",
      "reposts": "1",
      "text": "#bilibili 源码泄露# 吃瓜，gayhub上一个新号上传了哔哩哔哩网站后台的源码，已经 2000 个 Star 了还没下线，可能是被搞了"
    },
    {
      "_id": "5cbd9f2a7b071747f0b00ae4",
      "attitudes": "1",
      "comments": "0",
      "create_time": "2019-04-22 17:02",
      "created_time": "2小时前",
      "id": "4363916727254774",
      "longText": null,
      "name": "嘎嘣脆糖",
      "now_time": "22/4/2019 19:02:02.927",
      "reposts": "0",
      "text": "bilibili后台源码都泄露了\n太没有职业道德了\n#bilibili源码泄露#"
    },
    {
      "_id": "5cbda6147b071747f0b00ae6",
      "attitudes": "0",
      "comments": "0",
      "create_time": "2019-04-22 19:18",
      "created_time": "13分钟前",
      "id": "4363957059813822",
      "longText": null,
      "name": "想走出回忆的栗子_soledad",
      "now_time": "22/4/2019 19:31:32.687",
      "reposts": "0",
      "text": "蔡徐坤粉丝战斗力还是强，bilibili后台源码都泄露了"
    },
    {
      "_id": "5cbda6147b071747f0b00ae7",
      "attitudes": "2",
      "comments": "0",
      "create_time": "2019-04-22 19:17",
      "created_time": "14分钟前",
      "id": "4363956745776205",
      "longText": null,
      "name": "SlashJrk",
      "now_time": "22/4/2019 19:31:32.691",
      "reposts": "0",
      "text": "哔哩哔哩 bilibili 网站后台工程源码被泄露。\n\n又一个对996奋起反攻的人。"
    }
  ]
}